{
    "AED": {
        "code": "AED",
        "title": "United Arab Emirates Dirham",
        "symbol": "AED",
        "native": "\u062f.\u0625.\u200f",
        "thousands_sep": ",",
        "decimal_sep": ".",
        "symbol_left": true,
        "space_between": true,
        "exp": 2,
        "min_amount": "367",
        "max_amount": "3672950"
    },
    "AFN": {
        "code": "AFN",
        "title": "Afghan Afghani",
        "symbol": "AFN",
        "native": "\u060b",
        "thousands_sep": ",",
        "decimal_sep": ".",
        "symbol_left": true,
        "space_between": false,
        "exp": 2,
        "min_amount": "7624",
        "max_amount": "76249934"
    },
    "ALL": {
        "code": "ALL",
        "title": "Albanian Lek",
        "symbol": "ALL",
        "native": "Lek",
        "thousands_sep": ".",
        "decimal_sep": ",",
        "symbol_left": false,
        "space_between": false,
        "exp": 2,
        "min_amount": "11614",
        "max_amount": "116149678"
    },
    "AMD": {
        "code": "AMD",
        "title": "Armenian Dram",
        "symbol": "AMD",
        "native": "\u0564\u0580.",
        "thousands_sep": ",",
        "decimal_sep": ".",
        "symbol_left": false,
        "space_between": true,
        "exp": 2,
        "min_amount": "49937",
        "max_amount": "499370610"
    },
    "ARS": {
        "code": "ARS",
        "title": "Argentine Peso",
        "symbol": "ARS",
        "native": "$",
        "thousands_sep": ".",
        "decimal_sep": ",",
        "symbol_left": true,
        "space_between": true,
        "exp": 2,
        "min_amount": "6498",
        "max_amount": "64985022"
    },
    "AUD": {
        "code": "AUD",
        "title": "Australian Dollar",
        "symbol": "AU$",
        "native": "$",
        "thousands_sep": ",",
        "decimal_sep": ".",
        "symbol_left": true,
        "space_between": false,
        "exp": 2,
        "min_amount": "161",
        "max_amount": "1614427"
    },
    "AZN": {
        "code": "AZN",
        "title": "Azerbaijani Manat",
        "symbol": "AZN",
        "native": "\u043c\u0430\u043d.",
        "thousands_sep": "\u00a0",
        "decimal_sep": ",",
        "symbol_left": false,
        "space_between": true,
        "exp": 2,
        "min_amount": "170",
        "max_amount": "1701804"
    },
    "BAM": {
        "code": "BAM",
        "title": "Bosnia & Herzegovina Convertible Mark",
        "symbol": "BAM",
        "native": "KM",
        "thousands_sep": ".",
        "decimal_sep": ",",
        "symbol_left": false,
        "space_between": true,
        "exp": 2,
        "min_amount": "179",
        "max_amount": "1798349"
    },
    "BDT": {
        "code": "BDT",
        "title": "Bangladeshi Taka",
        "symbol": "BDT",
        "native": "\u09f3",
        "thousands_sep": ",",
        "decimal_sep": ".",
        "symbol_left": true,
        "space_between": true,
        "exp": 2,
        "min_amount": "8496",
        "max_amount": "84964870"
    },
    "BGN": {
        "code": "BGN",
        "title": "Bulgarian Lev",
        "symbol": "BGN",
        "native": "\u043b\u0432.",
        "thousands_sep": "\u00a0",
        "decimal_sep": ",",
        "symbol_left": false,
        "space_between": true,
        "exp": 2,
        "min_amount": "179",
        "max_amount": "1794642"
    },
    "BND": {
        "code": "BND",
        "title": "Brunei Dollar",
        "symbol": "BND",
        "native": "$",
        "thousands_sep": ".",
        "decimal_sep": ",",
        "symbol_left": true,
        "space_between": false,
        "exp": 2,
        "min_amount": "142",
        "max_amount": "1425025"
    },
    "BOB": {
        "code": "BOB",
        "title": "Bolivian Boliviano",
        "symbol": "BOB",
        "native": "Bs",
        "thousands_sep": ".",
        "decimal_sep": ",",
        "symbol_left": true,
        "space_between": true,
        "exp": 2,
        "min_amount": "689",
        "max_amount": "6896631"
    },
    "BRL": {
        "code": "BRL",
        "title": "Brazilian Real",
        "symbol": "R$",
        "native": "R$",
        "thousands_sep": ".",
        "decimal_sep": ",",
        "symbol_left": true,
        "space_between": true,
        "exp": 2,
        "min_amount": "522",
        "max_amount": "5227599"
    },
    "CAD": {
        "code": "CAD",
        "title": "Canadian Dollar",
        "symbol": "CA$",
        "native": "$",
        "thousands_sep": ",",
        "decimal_sep": ".",
        "symbol_left": true,
        "space_between": false,
        "exp": 2,
        "min_amount": "139",
        "max_amount": "1396525"
    },
    "CHF": {
        "code": "CHF",
        "title": "Swiss Franc",
        "symbol": "CHF",
        "native": "CHF",
        "thousands_sep": "'",
        "decimal_sep": ".",
        "symbol_left": false,
        "space_between": true,
        "exp": 2,
        "min_amount": "97",
        "max_amount": "970055"
    },
    "CLP": {
        "code": "CLP",
        "title": "Chilean Peso",
        "symbol": "CLP",
        "native": "$",
        "thousands_sep": ".",
        "decimal_sep": ",",
        "symbol_left": true,
        "space_between": true,
        "exp": 0,
        "min_amount": "846",
        "max_amount": "8466980"
    },
    "CNY": {
        "code": "CNY",
        "title": "Chinese Renminbi Yuan",
        "symbol": "CN\u00a5",
        "native": "CN\u00a5",
        "thousands_sep": ",",
        "decimal_sep": ".",
        "symbol_left": true,
        "space_between": false,
        "exp": 2,
        "min_amount": "704",
        "max_amount": "7045903"
    },
    "COP": {
        "code": "COP",
        "title": "Colombian Peso",
        "symbol": "COP",
        "native": "$",
        "thousands_sep": ".",
        "decimal_sep": ",",
        "symbol_left": true,
        "space_between": true,
        "exp": 2,
        "min_amount": "391084",
        "max_amount": "3910840000"
    },
    "CRC": {
        "code": "CRC",
        "title": "Costa Rican Col\u00f3n",
        "symbol": "CRC",
        "native": "\u20a1",
        "thousands_sep": ".",
        "decimal_sep": ",",
        "symbol_left": true,
        "space_between": false,
        "exp": 2,
        "min_amount": "57148",
        "max_amount": "571481110"
    },
    "CZK": {
        "code": "CZK",
        "title": "Czech Koruna",
        "symbol": "CZK",
        "native": "K\u010d",
        "thousands_sep": "\u00a0",
        "decimal_sep": ",",
        "symbol_left": false,
        "space_between": true,
        "exp": 2,
        "min_amount": "2490",
        "max_amount": "24906033"
    },
    "DKK": {
        "code": "DKK",
        "title": "Danish Krone",
        "symbol": "DKK",
        "native": "kr",
        "thousands_sep": "",
        "decimal_sep": ",",
        "symbol_left": false,
        "space_between": true,
        "exp": 2,
        "min_amount": "684",
        "max_amount": "6848505"
    },
    "DOP": {
        "code": "DOP",
        "title": "Dominican Peso",
        "symbol": "DOP",
        "native": "$",
        "thousands_sep": ",",
        "decimal_sep": ".",
        "symbol_left": true,
        "space_between": false,
        "exp": 2,
        "min_amount": "5432",
        "max_amount": "54324976"
    },
    "DZD": {
        "code": "DZD",
        "title": "Algerian Dinar",
        "symbol": "DZD",
        "native": "\u062f.\u062c.\u200f",
        "thousands_sep": ",",
        "decimal_sep": ".",
        "symbol_left": true,
        "space_between": true,
        "exp": 2,
        "min_amount": "12653",
        "max_amount": "126530191"
    },
    "EGP": {
        "code": "EGP",
        "title": "Egyptian Pound",
        "symbol": "EGP",
        "native": "\u062c.\u0645.\u200f",
        "thousands_sep": ",",
        "decimal_sep": ".",
        "symbol_left": true,
        "space_between": true,
        "exp": 2,
        "min_amount": "1578",
        "max_amount": "15787701"
    },
    "EUR": {
        "code": "EUR",
        "title": "Euro",
        "symbol": "\u20ac",
        "native": "\u20ac",
        "thousands_sep": "\u00a0",
        "decimal_sep": ",",
        "symbol_left": false,
        "space_between": true,
        "exp": 2,
        "min_amount": "91",
        "max_amount": "917340"
    },
    "GBP": {
        "code": "GBP",
        "title": "British Pound",
        "symbol": "\u00a3",
        "native": "\u00a3",
        "thousands_sep": ",",
        "decimal_sep": ".",
        "symbol_left": true,
        "space_between": false,
        "exp": 2,
        "min_amount": "81",
        "max_amount": "811020"
    },
    "GEL": {
        "code": "GEL",
        "title": "Georgian Lari",
        "symbol": "GEL",
        "native": "GEL",
        "thousands_sep": "\u00a0",
        "decimal_sep": ",",
        "symbol_left": false,
        "space_between": true,
        "exp": 2,
        "min_amount": "317",
        "max_amount": "3175004"
    },
    "GTQ": {
        "code": "GTQ",
        "title": "Guatemalan Quetzal",
        "symbol": "GTQ",
        "native": "Q",
        "thousands_sep": ",",
        "decimal_sep": ".",
        "symbol_left": true,
        "space_between": false,
        "exp": 2,
        "min_amount": "772",
        "max_amount": "7721781"
    },
    "HKD": {
        "code": "HKD",
        "title": "Hong Kong Dollar",
        "symbol": "HK$",
        "native": "$",
        "thousands_sep": ",",
        "decimal_sep": ".",
        "symbol_left": true,
        "space_between": false,
        "exp": 2,
        "min_amount": "775",
        "max_amount": "7752750"
    },
    "HNL": {
        "code": "HNL",
        "title": "Honduran Lempira",
        "symbol": "HNL",
        "native": "L",
        "thousands_sep": ",",
        "decimal_sep": ".",
        "symbol_left": true,
        "space_between": true,
        "exp": 2,
        "min_amount": "2488",
        "max_amount": "24889975"
    },
    "HRK": {
        "code": "HRK",
        "title": "Croatian Kuna",
        "symbol": "HRK",
        "native": "kn",
        "thousands_sep": ".",
        "decimal_sep": ",",
        "symbol_left": false,
        "space_between": true,
        "exp": 2,
        "min_amount": "699",
        "max_amount": "6997496"
    },
    "HUF": {
        "code": "HUF",
        "title": "Hungarian Forint",
        "symbol": "HUF",
        "native": "Ft",
        "thousands_sep": "\u00a0",
        "decimal_sep": ",",
        "symbol_left": false,
        "space_between": true,
        "exp": 2,
        "min_amount": "32773",
        "max_amount": "327734015"
    },
    "IDR": {
        "code": "IDR",
        "title": "Indonesian Rupiah",
        "symbol": "IDR",
        "native": "Rp",
        "thousands_sep": ".",
        "decimal_sep": ",",
        "symbol_left": true,
        "space_between": false,
        "exp": 2,
        "min_amount": "1611355",
        "max_amount": "16113550000"
    },
    "ILS": {
        "code": "ILS",
        "title": "Israeli New Sheqel",
        "symbol": "\u20aa",
        "native": "\u20aa",
        "thousands_sep": ",",
        "decimal_sep": ".",
        "symbol_left": true,
        "space_between": true,
        "exp": 2,
        "min_amount": "357",
        "max_amount": "3575505"
    },
    "INR": {
        "code": "INR",
        "title": "Indian Rupee",
        "symbol": "\u20b9",
        "native": "\u20b9",
        "thousands_sep": ",",
        "decimal_sep": ".",
        "symbol_left": true,
        "space_between": false,
        "exp": 2,
        "min_amount": "7554",
        "max_amount": "75544990"
    },
    "ISK": {
        "code": "ISK",
        "title": "Icelandic Kr\u00f3na",
        "symbol": "ISK",
        "native": "kr",
        "thousands_sep": ".",
        "decimal_sep": ",",
        "symbol_left": false,
        "space_between": true,
        "exp": 0,
        "min_amount": "142",
        "max_amount": "1425898"
    },
    "JMD": {
        "code": "JMD",
        "title": "Jamaican Dollar",
        "symbol": "JMD",
        "native": "$",
        "thousands_sep": ",",
        "decimal_sep": ".",
        "symbol_left": true,
        "space_between": false,
        "exp": 2,
        "min_amount": "13597",
        "max_amount": "135976860"
    },
    "JPY": {
        "code": "JPY",
        "title": "Japanese Yen",
        "symbol": "\u00a5",
        "native": "\uffe5",
        "thousands_sep": ",",
        "decimal_sep": ".",
        "symbol_left": true,
        "space_between": false,
        "exp": 0,
        "min_amount": "108",
        "max_amount": "1088850"
    },
    "KES": {
        "code": "KES",
        "title": "Kenyan Shilling",
        "symbol": "KES",
        "native": "Ksh",
        "thousands_sep": ",",
        "decimal_sep": ".",
        "symbol_left": true,
        "space_between": false,
        "exp": 2,
        "min_amount": "10661",
        "max_amount": "106610159"
    },
    "KGS": {
        "code": "KGS",
        "title": "Kyrgyzstani Som",
        "symbol": "KGS",
        "native": "KGS",
        "thousands_sep": "\u00a0",
        "decimal_sep": "-",
        "symbol_left": false,
        "space_between": true,
        "exp": 2,
        "min_amount": "8487",
        "max_amount": "84871298"
    },
    "KRW": {
        "code": "KRW",
        "title": "South Korean Won",
        "symbol": "\u20a9",
        "native": "\u20a9",
        "thousands_sep": ",",
        "decimal_sep": ".",
        "symbol_left": true,
        "space_between": false,
        "exp": 0,
        "min_amount": "1210",
        "max_amount": "12105500"
    },
    "KZT": {
        "code": "KZT",
        "title": "Kazakhstani Tenge",
        "symbol": "KZT",
        "native": "\u20b8",
        "thousands_sep": "\u00a0",
        "decimal_sep": "-",
        "symbol_left": true,
        "space_between": false,
        "exp": 2,
        "min_amount": "43712",
        "max_amount": "437125310"
    },
    "LBP": {
        "code": "LBP",
        "title": "Lebanese Pound",
        "symbol": "LBP",
        "native": "\u0644.\u0644.\u200f",
        "thousands_sep": ",",
        "decimal_sep": ".",
        "symbol_left": true,
        "space_between": true,
        "exp": 2,
        "min_amount": "150245",
        "max_amount": "1502453502"
    },
    "LKR": {
        "code": "LKR",
        "title": "Sri Lankan Rupee",
        "symbol": "LKR",
        "native": "\u0dbb\u0dd4.",
        "thousands_sep": ",",
        "decimal_sep": ".",
        "symbol_left": true,
        "space_between": true,
        "exp": 2,
        "min_amount": "19329",
        "max_amount": "193295360"
    },
    "MAD": {
        "code": "MAD",
        "title": "Moroccan Dirham",
        "symbol": "MAD",
        "native": "\u062f.\u0645.\u200f",
        "thousands_sep": ",",
        "decimal_sep": ".",
        "symbol_left": true,
        "space_between": true,
        "exp": 2,
        "min_amount": "1024",
        "max_amount": "10249754"
    },
    "MDL": {
        "code": "MDL",
        "title": "Moldovan Leu",
        "symbol": "MDL",
        "native": "MDL",
        "thousands_sep": ",",
        "decimal_sep": ".",
        "symbol_left": false,
        "space_between": true,
        "exp": 2,
        "min_amount": "1857",
        "max_amount": "18579218"
    },
    "MNT": {
        "code": "MNT",
        "title": "Mongolian T\u00f6gr\u00f6g",
        "symbol": "MNT",
        "native": "MNT",
        "thousands_sep": "\u00a0",
        "decimal_sep": ",",
        "symbol_left": true,
        "space_between": false,
        "exp": 2,
        "min_amount": "278124",
        "max_amount": "2781243767"
    },
    "MUR": {
        "code": "MUR",
        "title": "Mauritian Rupee",
        "symbol": "MUR",
        "native": "MUR",
        "thousands_sep": ",",
        "decimal_sep": ".",
        "symbol_left": true,
        "space_between": false,
        "exp": 2,
        "min_amount": "3930",
        "max_amount": "39300729"
    },
    "MVR": {
        "code": "MVR",
        "title": "Maldivian Rufiyaa",
        "symbol": "MVR",
        "native": "MVR",
        "thousands_sep": ",",
        "decimal_sep": ".",
        "symbol_left": false,
        "space_between": true,
        "exp": 2,
        "min_amount": "1540",
        "max_amount": "15401691"
    },
    "MXN": {
        "code": "MXN",
        "title": "Mexican Peso",
        "symbol": "MX$",
        "native": "$",
        "thousands_sep": ",",
        "decimal_sep": ".",
        "symbol_left": true,
        "space_between": false,
        "exp": 2,
        "min_amount": "2409",
        "max_amount": "24092980"
    },
    "MYR": {
        "code": "MYR",
        "title": "Malaysian Ringgit",
        "symbol": "MYR",
        "native": "RM",
        "thousands_sep": ",",
        "decimal_sep": ".",
        "symbol_left": true,
        "space_between": false,
        "exp": 2,
        "min_amount": "433",
        "max_amount": "4337499"
    },
    "MZN": {
        "code": "MZN",
        "title": "Mozambican Metical",
        "symbol": "MZN",
        "native": "MTn",
        "thousands_sep": ",",
        "decimal_sep": ".",
        "symbol_left": true,
        "space_between": false,
        "exp": 2,
        "min_amount": "6690",
        "max_amount": "66902353"
    },
    "NGN": {
        "code": "NGN",
        "title": "Nigerian Naira",
        "symbol": "NGN",
        "native": "\u20a6",
        "thousands_sep": ",",
        "decimal_sep": ".",
        "symbol_left": true,
        "space_between": false,
        "exp": 2,
        "min_amount": "36699",
        "max_amount": "366999957"
    },
    "NIO": {
        "code": "NIO",
        "title": "Nicaraguan C\u00f3rdoba",
        "symbol": "NIO",
        "native": "C$",
        "thousands_sep": ",",
        "decimal_sep": ".",
        "symbol_left": true,
        "space_between": true,
        "exp": 2,
        "min_amount": "3409",
        "max_amount": "34094926"
    },
    "NOK": {
        "code": "NOK",
        "title": "Norwegian Krone",
        "symbol": "NOK",
        "native": "kr",
        "thousands_sep": "\u00a0",
        "decimal_sep": ",",
        "symbol_left": true,
        "space_between": true,
        "exp": 2,
        "min_amount": "1022",
        "max_amount": "10229260"
    },
    "NPR": {
        "code": "NPR",
        "title": "Nepalese Rupee",
        "symbol": "NPR",
        "native": "\u0928\u0947\u0930\u0942",
        "thousands_sep": ",",
        "decimal_sep": ".",
        "symbol_left": true,
        "space_between": false,
        "exp": 2,
        "min_amount": "12100",
        "max_amount": "121006650"
    },
    "NZD": {
        "code": "NZD",
        "title": "New Zealand Dollar",
        "symbol": "NZ$",
        "native": "$",
        "thousands_sep": ",",
        "decimal_sep": ".",
        "symbol_left": true,
        "space_between": false,
        "exp": 2,
        "min_amount": "166",
        "max_amount": "1669805"
    },
    "PAB": {
        "code": "PAB",
        "title": "Panamanian Balboa",
        "symbol": "PAB",
        "native": "B\/.",
        "thousands_sep": ",",
        "decimal_sep": ".",
        "symbol_left": true,
        "space_between": true,
        "exp": 2,
        "min_amount": "100",
        "max_amount": "1000221"
    },
    "PEN": {
        "code": "PEN",
        "title": "Peruvian Nuevo Sol",
        "symbol": "PEN",
        "native": "S\/.",
        "thousands_sep": ",",
        "decimal_sep": ".",
        "symbol_left": true,
        "space_between": true,
        "exp": 2,
        "min_amount": "337",
        "max_amount": "3373501"
    },
    "PHP": {
        "code": "PHP",
        "title": "Philippine Peso",
        "symbol": "PHP",
        "native": "\u20b1",
        "thousands_sep": ",",
        "decimal_sep": ".",
        "symbol_left": true,
        "space_between": false,
        "exp": 2,
        "min_amount": "5039",
        "max_amount": "50395502"
    },
    "PKR": {
        "code": "PKR",
        "title": "Pakistani Rupee",
        "symbol": "PKR",
        "native": "\u20a8",
        "thousands_sep": ",",
        "decimal_sep": ".",
        "symbol_left": true,
        "space_between": false,
        "exp": 2,
        "min_amount": "16750",
        "max_amount": "167500338"
    },
    "PLN": {
        "code": "PLN",
        "title": "Polish Z\u0142oty",
        "symbol": "PLN",
        "native": "z\u0142",
        "thousands_sep": "\u00a0",
        "decimal_sep": ",",
        "symbol_left": false,
        "space_between": true,
        "exp": 2,
        "min_amount": "415",
        "max_amount": "4156049"
    },
    "PYG": {
        "code": "PYG",
        "title": "Paraguayan Guaran\u00ed",
        "symbol": "PYG",
        "native": "\u20b2",
        "thousands_sep": ".",
        "decimal_sep": ",",
        "symbol_left": true,
        "space_between": true,
        "exp": 0,
        "min_amount": "6489",
        "max_amount": "64890213"
    },
    "QAR": {
        "code": "QAR",
        "title": "Qatari Riyal",
        "symbol": "QAR",
        "native": "\u0631.\u0642.\u200f",
        "thousands_sep": ",",
        "decimal_sep": ".",
        "symbol_left": true,
        "space_between": true,
        "exp": 2,
        "min_amount": "364",
        "max_amount": "3640495"
    },
    "RON": {
        "code": "RON",
        "title": "Romanian Leu",
        "symbol": "RON",
        "native": "RON",
        "thousands_sep": ".",
        "decimal_sep": ",",
        "symbol_left": false,
        "space_between": true,
        "exp": 2,
        "min_amount": "443",
        "max_amount": "4431499"
    },
    "RSD": {
        "code": "RSD",
        "title": "Serbian Dinar",
        "symbol": "RSD",
        "native": "\u0434\u0438\u043d.",
        "thousands_sep": ".",
        "decimal_sep": ",",
        "symbol_left": false,
        "space_between": true,
        "exp": 2,
        "min_amount": "10781",
        "max_amount": "107819709"
    },
    "RUB": {
        "code": "RUB",
        "title": "Russian Ruble",
        "symbol": "RUB",
        "native": "\u0440\u0443\u0431.",
        "thousands_sep": "\u00a0",
        "decimal_sep": ",",
        "symbol_left": false,
        "space_between": true,
        "exp": 2,
        "min_amount": "7542",
        "max_amount": "75421398"
    },
    "SAR": {
        "code": "SAR",
        "title": "Saudi Riyal",
        "symbol": "SAR",
        "native": "\u0631.\u0633.\u200f",
        "thousands_sep": ",",
        "decimal_sep": ".",
        "symbol_left": true,
        "space_between": true,
        "exp": 2,
        "min_amount": "376",
        "max_amount": "3760128"
    },
    "SEK": {
        "code": "SEK",
        "title": "Swedish Krona",
        "symbol": "SEK",
        "native": "kr",
        "thousands_sep": ".",
        "decimal_sep": ",",
        "symbol_left": false,
        "space_between": true,
        "exp": 2,
        "min_amount": "1001",
        "max_amount": "10010805"
    },
    "SGD": {
        "code": "SGD",
        "title": "Singapore Dollar",
        "symbol": "SGD",
        "native": "$",
        "thousands_sep": ",",
        "decimal_sep": ".",
        "symbol_left": true,
        "space_between": false,
        "exp": 2,
        "min_amount": "142",
        "max_amount": "1422760"
    },
    "THB": {
        "code": "THB",
        "title": "Thai Baht",
        "symbol": "\u0e3f",
        "native": "\u0e3f",
        "thousands_sep": ",",
        "decimal_sep": ".",
        "symbol_left": true,
        "space_between": false,
        "exp": 2,
        "min_amount": "3271",
        "max_amount": "32710034"
    },
    "TJS": {
        "code": "TJS",
        "title": "Tajikistani Somoni",
        "symbol": "TJS",
        "native": "TJS",
        "thousands_sep": "\u00a0",
        "decimal_sep": ";",
        "symbol_left": false,
        "space_between": true,
        "exp": 2,
        "min_amount": "1021",
        "max_amount": "10212402"
    },
    "TRY": {
        "code": "TRY",
        "title": "Turkish Lira",
        "symbol": "TRY",
        "native": "TL",
        "thousands_sep": ".",
        "decimal_sep": ",",
        "symbol_left": false,
        "space_between": true,
        "exp": 2,
        "min_amount": "676",
        "max_amount": "6761865"
    },
    "TTD": {
        "code": "TTD",
        "title": "Trinidad and Tobago Dollar",
        "symbol": "TTD",
        "native": "$",
        "thousands_sep": ",",
        "decimal_sep": ".",
        "symbol_left": true,
        "space_between": false,
        "exp": 2,
        "min_amount": "675",
        "max_amount": "6758247"
    },
    "TWD": {
        "code": "TWD",
        "title": "New Taiwan Dollar",
        "symbol": "NT$",
        "native": "NT$",
        "thousands_sep": ",",
        "decimal_sep": ".",
        "symbol_left": true,
        "space_between": false,
        "exp": 2,
        "min_amount": "3008",
        "max_amount": "30082014"
    },
    "TZS": {
        "code": "TZS",
        "title": "Tanzanian Shilling",
        "symbol": "TZS",
        "native": "TSh",
        "thousands_sep": ",",
        "decimal_sep": ".",
        "symbol_left": true,
        "space_between": false,
        "exp": 2,
        "min_amount": "231449",
        "max_amount": "2314498722"
    },
    "UAH": {
        "code": "UAH",
        "title": "Ukrainian Hryvnia",
        "symbol": "UAH",
        "native": "\u20b4",
        "thousands_sep": "\u00a0",
        "decimal_sep": ",",
        "symbol_left": false,
        "space_between": false,
        "exp": 2,
        "min_amount": "2709",
        "max_amount": "27096370"
    },
    "UGX": {
        "code": "UGX",
        "title": "Ugandan Shilling",
        "symbol": "UGX",
        "native": "USh",
        "thousands_sep": ",",
        "decimal_sep": ".",
        "symbol_left": true,
        "space_between": false,
        "exp": 0,
        "min_amount": "3775",
        "max_amount": "37758836"
    },
    "USD": {
        "code": "USD",
        "title": "United States Dollar",
        "symbol": "$",
        "native": "$",
        "thousands_sep": ",",
        "decimal_sep": ".",
        "symbol_left": true,
        "space_between": false,
        "exp": 2,
        "min_amount": "100",
        "max_amount": 1000000
    },
    "UYU": {
        "code": "UYU",
        "title": "Uruguayan Peso",
        "symbol": "UYU",
        "native": "$",
        "thousands_sep": ".",
        "decimal_sep": ",",
        "symbol_left": true,
        "space_between": true,
        "exp": 2,
        "min_amount": "4464",
        "max_amount": "44645812"
    },
    "UZS": {
        "code": "UZS",
        "title": "Uzbekistani Som",
        "symbol": "UZS",
        "native": "UZS",
        "thousands_sep": "\u00a0",
        "decimal_sep": ",",
        "symbol_left": false,
        "space_between": true,
        "exp": 2,
        "min_amount": "959000",
        "max_amount": "9590000053"
    },
    "VND": {
        "code": "VND",
        "title": "Vietnamese \u0110\u1ed3ng",
        "symbol": "\u20ab",
        "native": "\u20ab",
        "thousands_sep": ".",
        "decimal_sep": ",",
        "symbol_left": false,
        "space_between": true,
        "exp": 0,
        "min_amount": "23632",
        "max_amount": "236325000"
    },
    "YER": {
        "code": "YER",
        "title": "Yemeni Rial",
        "symbol": "YER",
        "native": "\u0631.\u064a.\u200f",
        "thousands_sep": ",",
        "decimal_sep": ".",
        "symbol_left": true,
        "space_between": true,
        "exp": 2,
        "min_amount": "25028",
        "max_amount": "250284213"
    },
    "ZAR": {
        "code": "ZAR",
        "title": "South African Rand",
        "symbol": "ZAR",
        "native": "R",
        "thousands_sep": ",",
        "decimal_sep": ".",
        "symbol_left": true,
        "space_between": true,
        "exp": 2,
        "min_amount": "1819",
        "max_amount": "18191497"
    }
}